no of customers,Price,Income,literacy rate,Rating,sales rate
172,1403,3030,7,5,60.021
199,355,2484,59,1,40.274
482,647,1048,39,9,28.925
402,917,3657,100,5,66.05299999999998
382,969,1452,75,7,37.504999999999995
150,1209,4081,69,3,71.656
193,1471,627,29,10,30.289999999999996
60,1875,4479,6,2,83.486
498,896,4348,36,7,75.205
255,1524,2952,60,10,62.413000000000004
327,1885,3597,8,5,75.68599999999999
168,1727,2503,23,8,57.577000000000005
377,419,1912,82,10,36.4
88,686,249,100,6,14.677
216,816,2274,80,3,44.056999999999995
420,1197,2920,5,8,59.15
273,279,656,63,4,16.575
282,572,1376,31,4,29.444999999999997
497,159,1311,29,2,25.973999999999997
492,684,2290,63,4,45.929
137,157,912,86,6,16.874
237,815,2788,25,8,50.349000000000004
5,975,4821,46,2,76.03699999999999
115,1977,3388,31,4,71.69500000000001
422,789,609,43,9,24.336
238,1025,1735,55,3,39.72800000000001
209,1456,1230,91,10,38.948
285,549,3482,41,7,56.732
94,1991,2119,52,6,55.406000000000006
208,1328,3290,69,7,63.726
21,1354,1603,73,8,39.766999999999996
115,1973,2278,94,7,58.071
146,151,2462,49,2,36.53
176,1446,2563,66,8,55.36699999999999
196,1886,4850,41,6,90.72699999999999
248,416,286,95,2,13.610999999999999
39,1941,2049,21,8,52.754000000000005
232,841,3897,76,2,65.624
466,310,68,49,2,11.635000000000002
227,631,4491,39,10,70.17399999999999
284,1545,3403,46,1,68.627
54,443,323,79,2,11.713
330,1985,2655,45,10,65.32499999999999
212,234,1036,75,5,20.306
316,1300,4588,72,4,81.64
128,1978,1033,34,3,41.288000000000004
82,1895,1791,47,9,49.71199999999999
187,1981,3293,46,7,71.68199999999999
153,1981,296,31,8,32.097
19,529,891,14,2,18.915
130,1657,4849,3,6,86.385
223,1096,1401,99,4,36.699
12,546,2171,15,10,35.802
353,812,1367,45,9,33.617999999999995
295,74,760,59,6,15.521999999999998
308,30,2989,50,5,43.965999999999994
150,772,2691,59,8,47.839999999999996
140,890,2051,82,2,41.145
322,873,2339,93,5,47.216
259,1514,3476,56,3,69.00399999999999
14,1027,4186,18,1,68.198
335,1599,3875,47,7,76.219
448,1518,4444,60,1,84.123
24,598,2383,36,8,39.637
90,1477,3164,34,5,62.01
463,1058,1596,34,4,41.015
164,259,3181,76,4,47.892
479,655,1503,79,9,35.42499999999999
141,125,588,22,8,11.491999999999999
242,1011,345,82,1,21.852999999999998
476,216,2173,82,8,38.415
194,1764,2040,67,10,52.975
394,1557,967,65,6,38.857
459,479,2588,74,3,46.839
97,1539,1952,5,8,46.81299999999999
201,1233,3561,91,7,66.209
131,1573,483,39,7,29.029
420,657,3832,69,2,64.74
169,1923,3716,18,8,75.84199999999998
376,937,3481,82,2,63.41400000000001
25,1302,552,45,8,25.115999999999996
319,431,1520,79,9,30.654
113,1051,2337,77,3,46.553
137,709,2111,91,4,39.675999999999995
189,754,808,91,2,23.971999999999998
292,1269,4349,26,8,77.27199999999999
150,1808,3652,76,7,74.00899999999999
381,1971,3677,36,4,78.897
186,1892,1548,15,8,47.437
18,1009,1519,27,7,33.54
373,987,1113,85,9,33.370999999999995
268,1219,1966,67,1,45.772999999999996
364,1825,2156,83,10,57.694
474,317,718,34,9,20.176
295,1849,2588,13,6,61.763
217,648,554,5,6,18.59
453,940,2884,28,9,56.081999999999994
452,996,33,96,3,20.54
109,881,2946,5,8,51.33699999999999
384,737,3741,15,1,63.413999999999994
445,339,305,27,1,14.520999999999999
14,181,1394,48,1,21.294
471,1744,263,41,9,32.864
381,1678,2515,67,1,60.346000000000004
32,772,3935,64,9,62.556
444,1820,4130,67,4,84.045
373,790,1985,38,10,41.548
143,628,333,63,5,15.235999999999999
143,1854,407,89,10,32.539
380,1618,2959,42,7,65.078
47,209,4970,44,1,68.52300000000001
202,1566,1112,63,7,38.35
424,253,2364,37,4,40.066
330,908,4711,54,4,78.091
108,1424,4740,6,4,81.66600000000001
192,1726,1836,54,7,49.59499999999999
228,812,3985,8,3,65.468
43,1345,1695,54,8,40.885
44,1563,2333,29,3,51.636
455,1994,545,27,9,39.38999999999999
118,1350,27,54,8,20.241
265,1992,406,25,10,35.074000000000005
56,313,2833,97,5,42.952
451,333,3449,49,4,55.717999999999996
445,1021,1691,38,8,41.638999999999996
231,702,1959,80,6,38.714
114,473,4808,50,3,70.824
124,1652,1605,73,8,45.00599999999999
368,775,2740,26,5,50.882
70,977,695,29,5,23.088
65,1236,957,79,8,30.484999999999996
161,1196,3488,85,4,64.14200000000001
374,794,4786,93,9,78.72800000000001
307,1924,3082,61,3,69.901
94,361,83,65,1,7.8519999999999985
15,1974,3548,57,5,72.78699999999999
177,1103,2006,48,7,43.433
220,1055,1921,61,5,42.406
409,1122,3308,69,7,63.894999999999996
297,401,2059,20,1,36.114
435,1460,2510,24,10,57.706999999999994
418,1694,1948,3,7,52.910000000000004
158,98,3914,67,2,55.107000000000006
238,586,1253,53,5,27.755
431,1437,4808,2,8,86.91799999999999
102,353,1864,46,9,30.862
394,950,3923,62,3,69.316
269,13,2601,31,2,37.907999999999994
86,1451,1904,50,10,45.513
460,740,1497,55,10,35.906
22,276,1706,80,6,27.169999999999995
218,870,1066,77,5,29.067999999999998
406,1664,625,4,8,35.190999999999995
349,1527,943,51,4,37.361999999999995
450,1281,4788,95,10,86.112
440,792,2807,100,6,53.885
322,1043,52,1,3,18.473
224,812,988,73,2,27.287
18,268,747,96,5,14.741999999999999
304,1247,573,69,2,28.534999999999993
93,499,3800,67,6,58.045
29,1022,4425,42,9,71.85100000000001
295,230,4666,54,5,68.24999999999999
251,374,658,34,7,17.212000000000003
478,77,3468,76,5,53.35199999999999
222,742,4440,98,7,71.61699999999999
466,1350,2154,9,2,51.753
239,677,2573,2,8,45.487
374,784,1279,92,9,32.99399999999999
354,1349,3206,66,6,64.753
81,1430,4721,51,6,81.75699999999999
372,1102,1868,62,3,44.291
227,1779,1586,22,2,47.008
471,592,1451,72,5,33.683
160,113,4884,52,8,67.821
484,1001,2264,83,6,49.894
450,1302,4387,34,1,80.26199999999999
109,249,4525,33,6,63.986000000000004
492,1047,2224,76,3,49.946
485,1865,4096,11,3,83.98
209,1673,4309,97,5,81.80899999999998
273,740,2729,35,3,49.13999999999999
338,1118,389,41,3,24.557
343,1407,2767,62,1,59.53999999999999
294,1297,2327,60,1,51.727
131,849,2570,89,3,47.34599999999999
218,1912,2369,8,3,58.629999999999995
3,1046,3736,80,1,63.257999999999996
368,139,1048,36,1,20.695999999999998
217,860,515,13,5,20.93
160,1429,54,46,9,22.073999999999995
415,1909,1069,99,3,45.435
66,1346,412,84,4,24.855999999999995
270,1558,936,27,8,36.38699999999999
383,1884,2257,9,6,59.007
395,239,2506,35,7,41.36599999999999
188,1111,1963,27,7,42.848
382,1445,674,12,2,32.69500000000001
390,1544,4784,52,4,88.06200000000001
350,1774,4240,88,10,84.006
500,803,4553,60,5,76.973
492,1667,1568,1,5,48.528999999999996
96,537,1082,2,8,22.424999999999997
123,669,1259,85,4,27.82
120,1739,1731,28,9,47.150999999999996
332,222,2347,58,9,38.583999999999996
83,964,252,87,8,18.122
258,1451,4281,2,9,78.013
406,1590,2526,73,10,59.865
278,1122,3470,58,1,64.07700000000001
294,1429,2563,1,6,55.80899999999999
438,638,3161,26,8,55.522999999999996
340,250,2709,41,3,43.459
49,847,1657,10,10,33.449000000000005
257,1454,512,15,5,29.159
310,50,4054,78,8,58.5
317,177,2698,72,3,42.471
83,463,3410,28,1,51.80499999999999
25,791,2005,29,8,37.153999999999996
252,1245,2209,97,10,49.569
422,9,2287,22,10,35.75
159,1606,3679,42,5,71.383
77,555,2913,80,10,47.255
484,1194,2655,12,2,56.511
310,1527,4612,36,5,84.36999999999999
20,504,1339,26,3,24.596000000000004
129,185,2964,31,9,43.13399999999999
197,311,3874,49,5,57.66799999999999
12,89,1960,80,10,27.962999999999997
167,931,1888,97,1,40.092
360,541,3962,35,8,63.778
116,1685,1312,48,5,41.157999999999994
191,1015,3097,79,3,57.004999999999995
135,1726,2261,5,1,53.663999999999994
68,189,1916,97,4,29.561999999999998
152,392,3250,75,3,50.336000000000006
288,43,4763,82,4,67.34
222,1766,671,90,8,35.840999999999994
428,1296,642,95,10,32.123
227,1858,3565,97,4,74.763
429,936,4568,52,6,77.883
447,1267,2181,53,5,51.388999999999996
200,400,185,63,10,11.154000000000002
176,1619,3585,31,3,70.382
412,1539,821,65,2,36.907000000000004
173,1531,3453,64,8,67.97699999999999
229,350,1596,60,9,29.172
201,1491,983,66,4,35.684999999999995
267,307,1188,96,5,24.219
296,1720,3324,16,8,69.73199999999999
251,581,1569,2,2,31.264999999999997
380,393,3919,4,9,61.16499999999999
147,650,1519,67,4,31.030999999999995
94,759,737,55,2,21.410999999999998
267,688,4060,46,3,65.832
321,381,2477,44,6,41.977000000000004
105,723,3695,88,2,59.968999999999994
314,1114,239,55,3,22.425
208,797,4929,41,9,77.792
498,443,3266,65,1,55.54899999999999
431,171,4172,81,5,63.17999999999999
268,782,774,34,8,24.258
74,202,4730,97,6,66.41699999999999
180,1877,732,13,9,36.54299999999999
252,320,2429,30,3,39.442
194,1783,2657,36,4,60.76199999999999
71,231,161,91,2,7.228
189,1337,4704,33,9,81.536
437,1620,2242,1,8,56.004
480,1180,157,91,3,24.843
173,1665,148,75,2,26.819
459,642,2396,68,10,46.475
45,1630,2393,97,3,54.184000000000005
261,1034,4414,18,10,74.58099999999999
147,41,1894,65,2,27.936999999999998
343,549,2368,12,3,42.574999999999996
442,417,2287,48,5,41.586999999999996
88,455,1292,79,5,24.947000000000003
500,1422,187,60,8,28.301000000000002
326,297,2435,58,3,40.547
301,1119,1258,94,4,36.087999999999994
149,1509,4178,77,8,76.973
25,409,3069,19,4,45.838
403,1173,4634,49,2,81.39299999999999
3,244,4112,53,6,57.434
71,496,1184,72,4,23.750999999999998
195,612,3523,80,10,57.46
230,341,2338,53,5,38.571
177,1471,1338,53,6,39.585
462,1860,195,59,7,33.579
433,165,342,85,2,13.350999999999999
133,89,4963,35,8,67.96399999999998
151,254,4929,97,4,70.655
479,930,4266,65,4,74.67200000000001
234,1602,2269,12,2,53.547000000000004
191,1186,3746,37,6,67.158
301,433,3674,71,1,58.24
264,758,193,33,7,16.315
227,1119,1799,81,9,42.05499999999999
132,1896,4801,80,7,89.908
188,1517,3160,94,8,64.571
130,109,507,84,8,10.894
66,155,49,54,1,4.225
390,1082,4920,35,7,83.64199999999998
317,973,3042,19,8,56.667
334,763,3958,65,8,66.664
286,1053,4879,19,9,81.19800000000001
216,1582,3846,80,3,74.45100000000001
360,1971,2838,20,8,67.561
407,28,4252,43,7,61.580999999999996
73,333,2955,24,2,44.031
320,720,3546,24,4,59.98199999999999
411,264,3205,97,9,51.818
69,1435,807,100,1,31.355999999999998
253,1461,1753,62,5,45.94199999999999
369,1566,3278,58,2,68.549
278,1182,137,82,1,21.84
279,1414,3029,49,6,62.101
28,1007,1229,81,4,30.537
230,1842,1039,7,8,40.638
420,1714,1298,20,9,44.992999999999995
288,597,4350,57,3,68.835
433,789,420,98,9,22.737000000000002
281,1059,4481,51,9,76.453
5,1156,3078,46,7,55.79599999999999
453,512,1440,41,10,31.927999999999997
296,706,4281,9,10,68.926
384,172,4351,19,5,64.103
268,422,1768,42,9,32.617
368,102,1584,8,2,26.831999999999997
489,901,2301,34,4,48.477000000000004
395,311,2070,27,6,36.517
380,1249,4557,8,2,80.548
44,217,588,33,3,11.504999999999999
281,1942,1009,3,3,42.094
232,375,177,87,4,11.375
249,531,675,61,2,19.733999999999998
55,599,154,90,1,11.687000000000001
203,1872,1867,58,4,52.05199999999999
342,177,3898,59,2,58.214000000000006
385,1366,2873,75,2,61.113
386,482,594,42,3,19.591
99,1448,3619,31,10,67.69099999999999
125,1824,3171,46,8,67.262
283,1443,4487,62,10,81.70499999999998
330,640,1511,63,9,33.189
186,1128,2234,40,9,46.760999999999996
367,511,1701,15,9,33.839
207,42,493,51,4,10.360999999999999
386,186,2736,72,5,44.004999999999995
446,364,2356,70,5,42.132999999999996
159,1064,1386,18,2,34.17700000000001
334,1709,3620,60,8,74.503
341,463,708,46,9,20.371
250,1193,312,5,10,23.01
331,340,2628,60,6,43.745000000000005
500,127,3671,38,9,56.48499999999999
489,9,2018,48,7,33.423
334,1610,2991,4,2,64.233
347,1276,2434,1,3,52.793
460,556,3913,71,4,65.052
189,1919,1683,2,5,49.374
35,1972,1627,51,10,48.035
259,1548,2515,62,10,57.122
375,291,2193,72,2,38.129000000000005
262,143,2601,10,2,39.234
116,707,1083,80,5,25.883
405,1757,1248,89,5,45.55199999999999
470,927,4355,23,4,75.12700000000001
143,1922,372,10,1,31.823999999999998
49,1524,1414,20,9,39.20799999999999
483,839,746,61,9,27.794
494,651,1263,96,4,32.604
417,1208,2054,79,9,48.971
223,1891,277,96,8,32.434999999999995
199,1981,2276,40,7,58.539
298,1354,4311,47,3,78.16900000000001
364,1096,4006,44,10,71.75999999999999
261,1052,2333,90,5,48.632999999999996
277,442,3393,61,3,54.288
392,135,2669,57,1,42.30199999999999
399,325,1354,17,7,27.326
393,943,4934,44,9,82.199
435,1364,1925,10,6,48.620000000000005
163,1559,3276,43,1,65.546
89,675,2241,54,2,39.793
326,479,4611,73,5,71.422
389,1890,1411,18,7,48.295
350,172,4386,34,4,64.298
214,1028,401,24,9,21.788000000000004
435,492,4223,60,1,67.74300000000001
326,1521,3688,65,2,72.826
62,1357,1358,10,10,36.361000000000004
45,678,3024,98,3,50.024
281,1541,492,35,2,30.562999999999995
160,654,3426,1,5,55.19799999999999
493,1347,1864,19,6,48.477000000000004
78,523,2456,1,9,39.870999999999995
486,687,2443,98,10,48.412
427,708,1955,14,10,40.482000000000006
55,1509,4339,79,10,77.89599999999999
5,722,3296,11,10,52.572
114,1421,4616,70,10,81.00299999999999
131,734,3083,38,7,51.909
220,49,3496,53,4,49.686
167,1240,4703,47,3,80.08
166,570,4426,14,2,67.314
345,1884,3131,30,4,70.122
124,1626,2541,68,1,56.68
12,1206,3980,48,1,68.211
407,1374,2313,34,8,53.767999999999994
286,573,3850,49,7,61.945
116,499,4474,28,4,66.57300000000001
227,10,1278,48,3,20.358
108,1669,4602,56,2,83.68099999999998
112,10,181,88,10,5.212999999999999
104,231,1710,44,1,27.17
394,1867,3242,4,5,71.656
391,1645,1204,13,2,42.315
375,1530,2418,72,2,57.161
143,1931,3895,49,9,78.351
93,1207,2315,55,4,47.762
469,1720,667,1,1,37.153999999999996
38,490,543,65,4,14.819999999999999
414,1867,400,56,9,35.698
400,1375,1780,17,3,46.475
317,1391,3811,89,9,73.021
161,224,2305,43,8,35.632999999999996
399,257,3170,98,1,51.025
374,459,3458,4,3,55.874
413,1060,420,54,1,25.324
85,1107,3775,99,1,65.87100000000001
114,267,4378,10,10,62.126999999999995
217,625,1717,20,7,33.617999999999995
206,1861,3925,51,8,78.663
276,1246,2084,53,7,47.658
84,1872,1677,21,2,47.528000000000006
449,1532,550,30,8,33.397
296,35,695,97,8,14.703
481,1549,3818,89,4,77.233
177,738,1632,31,6,33.592
363,1924,4318,2,7,85.982
264,1338,2339,35,10,51.818
138,586,3647,93,1,58.045
199,55,2873,54,5,41.41799999999999
308,922,251,66,8,20.215
320,192,3876,64,8,57.98
350,1415,2256,21,6,52.624
288,944,3510,86,5,62.82899999999999
302,1963,2797,25,4,66.183
301,1209,3084,16,9,60.04699999999999
133,1789,937,48,8,37.894999999999996
5,708,2954,20,3,47.97
89,1704,668,30,3,32.422
6,547,4562,11,7,66.729
470,731,2874,20,5,53.29999999999999
88,791,2773,84,6,48.646
72,1171,1850,31,9,40.72899999999999
417,683,3202,9,6,56.120999999999995
342,1245,685,7,8,29.731
324,962,3188,70,8,59.17599999999999
400,1481,4287,95,8,81.523
455,1372,1716,33,6,46.566
430,1510,2512,89,8,59.137
497,53,942,90,2,20.591999999999995
73,497,1529,64,10,28.249
53,485,2730,58,2,43.263999999999996
212,1054,3514,37,7,62.711999999999996
242,499,4663,16,6,70.538
463,213,3350,95,1,53.58599999999999
155,808,4625,88,10,73.918
416,1071,4418,96,5,78.078
28,164,3413,3,5,46.969
70,625,4196,41,7,64.207
351,810,2617,4,1,49.179
461,1443,1134,60,9,40.391
47,293,3496,74,2,50.85600000000001
440,178,1071,75,9,23.049000000000003
139,1921,2484,85,9,60.294
70,1423,1719,37,7,42.328
260,301,521,27,2,14.442999999999998
351,138,544,21,1,13.714999999999998
74,1457,1331,21,2,37.50500000000001
30,1397,3186,81,6,61.099999999999994
197,406,3444,54,3,53.352
100,1510,1010,51,5,34.788
499,293,5,24,5,10.737999999999998
326,1351,1355,9,7,39.623999999999995
123,1461,3816,48,5,70.88899999999998
169,1220,1728,11,8,40.768
331,618,4123,66,3,66.833
418,658,1195,52,5,30.264
439,485,1155,57,7,27.859
12,1033,4155,33,6,68.107
50,1773,284,40,3,27.95
196,1973,333,49,1,33.175999999999995
320,69,221,91,10,9.243
65,814,4894,58,1,75.81600000000002
357,1745,3665,81,3,76.063
271,1851,2104,92,3,56.173
305,1668,2332,88,2,57.135
352,166,1731,34,10,29.809
493,534,301,51,9,18.044
103,1826,390,80,10,31.316999999999997
333,1031,4599,41,2,78.078
101,1649,813,4,6,33.449
117,46,4799,96,1,65.76700000000001
430,893,1946,20,7,42.848
175,1690,1170,54,5,40.221999999999994
362,131,2007,1,1,32.525999999999996
126,623,2503,92,6,43.550000000000004
101,1485,1420,50,8,39.832
495,287,723,32,9,20.098
360,994,1035,43,1,31.628999999999998
71,92,886,39,8,14.247999999999998
102,1466,247,78,3,24.648
99,468,1572,30,8,28.301
355,35,2249,24,7,34.71
4,775,373,12,4,15.184
77,428,1542,88,2,27.780999999999995
93,125,2462,10,6,35.04800000000001
211,815,2663,80,6,49.075
314,1469,312,77,2,28.262
73,366,3855,55,8,56.641
98,466,3618,10,3,54.535000000000004
474,1838,106,64,7,32.357
481,5,4580,94,2,67.106
417,1188,1923,70,4,46.82599999999999
355,713,3395,89,4,59.228
481,259,285,74,10,14.417000000000002
496,357,4736,76,10,73.77499999999999
89,557,552,39,10,16.211
482,1455,4029,64,8,78.49399999999999
453,1332,3408,59,8,68.37999999999998
64,74,115,34,1,3.7439999999999998
295,898,4251,91,7,72.04599999999999
374,137,4421,6,8,64.298
330,72,781,56,9,16.224
247,652,2318,66,5,42.74399999999999
359,357,2354,36,9,40.495
407,431,2696,30,8,46.436
195,1394,1159,22,6,36.08800000000001
386,807,3115,58,6,56.836
114,804,4421,34,7,69.93999999999998
137,1036,522,66,4,22.945
428,1736,1606,9,10,49.257
180,1591,1781,32,7,46.683
206,131,486,68,1,11.596
263,204,1080,14,1,20.305999999999997
41,1835,3885,81,2,75.972
455,1786,2084,14,1,56.419999999999995
416,1960,2991,96,5,71.08399999999999
461,1319,4980,31,6,88.361
199,1662,4898,86,10,89.11499999999998
302,206,3154,67,1,48.489999999999995
257,653,4848,70,10,75.89399999999998
179,831,691,59,3,22.919
326,280,241,66,2,11.895
442,1800,4040,35,8,82.225
169,189,93,81,4,6.967999999999999
335,1950,4254,71,9,86.04700000000001
213,1988,3420,3,2,73.13799999999999
420,493,674,82,10,21.826999999999998
164,1772,4554,55,10,85.215
84,295,2750,74,4,41.691
311,1779,802,14,5,37.842999999999996
9,1513,509,88,4,27.599
118,275,1079,27,4,19.538999999999998
499,277,4350,1,8,66.75500000000001
497,934,1134,82,9,34.528
136,1548,4099,13,3,75.387
76,86,4618,12,2,62.322
16,1464,2691,51,9,55.00299999999999
40,652,2218,62,2,38.662
14,43,180,96,10,4.459
107,1297,3900,49,7,69.67999999999999
68,500,603,31,7,15.716999999999999
299,951,946,83,7,29.718000000000004
74,1291,4840,8,6,80.847
205,1119,702,76,8,27.43
209,1717,1340,18,1,42.705
396,866,358,55,9,21.892
139,1511,1754,59,10,45.149
460,592,3737,26,7,62.68599999999999
303,770,2229,94,9,44.265
485,1625,259,2,7,30.914
92,458,3257,72,4,50.479
342,955,56,77,4,18.642
378,1274,8,44,10,22.281999999999996
43,477,3785,97,9,57.342999999999996
197,1744,2655,92,1,60.957
380,1344,3101,12,2,62.907
334,1510,124,28,9,26.064999999999998
280,958,2560,44,1,49.958999999999996
224,1658,2461,17,2,56.705999999999996
261,1509,846,21,3,34.32
8,1444,4370,6,3,75.803
326,841,2501,6,8,47.866
457,815,3065,51,5,57.108999999999995
39,1035,3651,30,6,61.893
464,885,2249,3,7,46.904
338,480,3837,80,7,61.646
300,196,968,35,7,19.578
441,1721,4064,91,4,82.17300000000002
439,551,3107,88,8,54.50899999999999
76,545,4798,8,8,70.655
329,1036,2534,14,8,50.973
211,1077,3025,92,2,57.291
329,1519,2562,3,7,57.46
177,1689,2181,93,8,53.924
488,1570,749,52,6,37.245000000000005
363,358,1253,81,3,26.754
289,1727,3308,43,2,69.79699999999998
45,784,1651,64,2,33.098
114,1266,2021,58,3,45.00599999999999
414,420,3890,54,8,62.217999999999996
12,1859,2333,40,3,55.211
490,1671,2682,28,3,63.362
263,1022,4361,18,8,73.73599999999999
151,1606,4082,94,6,77.207
124,794,3437,77,3,57.654999999999994
416,1420,4061,63,4,77.53200000000001
141,1556,6,23,2,22.463999999999995
331,29,3978,28,3,56.797
246,1039,3513,7,9,62.581999999999994
71,1165,2165,81,7,45.35699999999999
21,80,1071,89,4,16.445
124,1376,4994,31,4,84.87700000000001
197,1691,4559,55,3,84.565
258,606,1147,52,8,26.923
258,1971,2671,74,6,64.74
445,1080,4530,65,10,79.69
78,1687,2165,93,2,52.325
240,982,1056,6,4,29.743999999999996
432,1163,4091,43,8,74.581
253,1980,1506,24,8,49.022999999999996
499,1062,4040,77,2,73.83999999999999
355,906,892,96,10,29.367
473,1519,2782,1,10,62.205
364,1074,791,32,9,29.509999999999998
59,1200,2829,32,4,53.612
329,1870,1095,25,9,43.264
442,129,232,87,6,11.648
147,1679,2027,79,10,51.246
165,1893,1063,11,2,40.742
47,1369,240,91,8,22.815
173,851,4564,72,5,73.64500000000001
59,942,3783,49,5,62.89399999999999
48,827,1746,77,10,35.204
258,862,4228,71,4,70.49900000000001
271,487,4897,49,7,74.24299999999998
483,300,1,35,1,10.66
230,246,1522,58,8,26.831999999999997
493,1674,1570,21,2,48.88000000000001
287,543,1790,72,8,35.1
147,1084,1083,42,10,30.758
485,187,1578,78,1,30.277
232,1598,4835,33,7,87.16499999999999
204,871,352,26,5,18.954
86,364,57,19,4,6.889999999999999
157,198,376,9,5,9.685
143,1675,3559,75,8,70.97999999999999
293,1412,3772,51,6,71.942
331,231,2710,94,6,43.836
138,918,1275,28,6,30.744999999999997
348,1478,2119,64,7,52.208
17,32,4544,86,9,60.943999999999996
50,1970,924,19,5,38.583999999999996
326,67,4360,62,10,62.725
479,323,3094,1,7,50.751999999999995
60,1897,4606,94,6,86.619
239,1484,664,86,9,32.266
469,1958,3431,72,3,77.129
27,1427,3306,90,7,63.141
325,884,457,99,9,23.061999999999998
309,164,4981,62,7,71.79899999999999
166,1443,4153,55,9,75.73800000000001
37,1011,3944,28,3,65.299
40,1022,2691,51,5,49.51699999999999
391,468,2488,64,10,44.473000000000006
92,444,2546,29,8,40.547
245,811,1687,75,6,36.712
42,1509,161,60,1,23.049
269,168,2710,59,6,41.756
131,1975,2399,86,8,59.787
316,908,4581,62,2,76.297
273,1240,2931,59,3,58.57800000000001
461,1433,890,59,3,36.998
344,874,1887,75,10,41.47
376,104,586,30,5,14.313
440,51,1833,1,1,30.238000000000003
270,1222,627,54,6,28.327
364,1448,3336,17,6,67.223
55,906,2030,100,3,40.221999999999994
11,1182,3209,62,8,58.135999999999996
79,810,685,46,1,21.072999999999997
374,1432,710,2,3,32.773
494,851,4395,53,1,75.322
474,1235,1868,40,10,47.151
312,1042,3399,37,5,62.335
478,1210,1197,40,2,38.051
169,821,1440,2,2,31.642
235,419,2326,99,1,40.03999999999999
74,1354,484,42,2,25.428
406,6,145,57,5,8.046999999999999
475,1428,2874,43,8,62.763999999999996
221,844,547,91,4,22.191
144,28,2246,45,9,32.135999999999996
239,1057,2833,63,3,54.535000000000004
350,1996,2268,71,3,60.944
47,1219,3982,1,6,68.315
452,1658,1590,10,9,48.346999999999994
2,1556,2810,57,4,57.577
233,1,2142,70,3,31.837
95,475,790,12,1,17.849
6,1936,747,3,1,35.009
331,1325,3280,51,5,64.896
377,309,4132,22,3,62.959
370,330,162,74,10,12.298
317,118,1226,93,5,22.866999999999997
125,371,769,48,5,17.134
322,215,284,66,2,11.557
487,516,4456,9,7,71.175
382,343,654,52,9,18.72
11,1945,3637,55,1,73.43700000000001
428,1167,2113,70,10,49.24399999999999
433,1712,2583,94,5,62.751
233,1030,3709,57,6,65.455
247,666,1594,40,5,33.175999999999995
169,737,4464,35,10,70.395
265,633,3136,78,7,53.547000000000004
491,1307,2999,90,2,63.556999999999995
311,1154,664,43,8,28.34
426,1344,3652,6,1,70.577
94,127,1782,52,5,26.78
84,1156,4215,83,7,72.08499999999998
287,399,3679,30,2,57.161
230,394,1800,9,2,31.655
370,1383,3628,33,3,70.42099999999999
161,1233,3913,3,9,69.147
445,905,2746,32,10,53.794
499,1584,325,78,5,32.383
189,1151,1001,39,5,31.005000000000003
35,255,496,62,9,11.140999999999998
389,1876,3064,53,5,70.03099999999999
468,1636,2258,42,10,57.382000000000005
4,1007,1286,85,6,31.043999999999997
131,631,2792,56,3,46.969
61,1033,3049,91,4,55.094
125,531,4859,65,4,72.592
327,218,3905,11,7,58.084
397,1007,4395,3,5,75.491
444,1212,1396,65,6,40.599000000000004
246,1414,2367,39,6,52.936
188,1153,1608,24,6,38.727000000000004
123,1713,1472,92,3,44.239
303,116,3766,4,10,54.587
424,1697,2590,20,4,61.555
426,781,2903,98,4,54.75599999999999
228,1521,3966,86,9,75.53
237,1541,3431,54,1,68.43199999999999
465,1180,393,84,4,27.637999999999998
307,559,1498,38,6,31.304
237,424,4023,20,8,61.25599999999999
286,360,1520,70,6,29.145999999999997
104,1210,3014,54,7,57.056999999999995
369,722,2846,84,9,52.38999999999999
350,249,4914,66,10,72.657
91,1594,1787,9,8,45.35699999999999
477,1434,2903,96,5,63.89499999999999
241,1560,3747,82,5,73.255
255,927,3625,32,4,62.958999999999996
6,1422,2281,10,3,48.386
197,1151,2245,93,6,47.99600000000001
393,1335,3071,33,6,62.894
109,374,450,82,10,13.325000000000001
191,1627,3583,22,1,70.512
390,251,1563,6,3,28.769
142,1446,530,74,6,28.573999999999998
444,738,3349,26,2,59.267
403,1854,1486,58,6,49.491
257,1201,853,26,3,30.42
231,998,2692,45,8,51.662
375,1089,4446,17,7,77.142
459,311,3551,83,4,57.303999999999995
385,1154,470,44,1,26.701999999999998
385,1839,2406,25,3,60.554
445,1838,2898,54,2,68.08099999999999
206,454,3741,11,10,57.486
387,4,1320,15,10,22.567999999999998
436,519,3827,68,10,63.18
370,260,4054,19,4,61.190999999999995
40,170,4924,18,9,67.093
146,75,3273,67,9,46.41
472,22,4097,96,6,61.00899999999999
330,1843,4224,83,6,84.318
460,906,4951,87,4,83.304
274,1330,567,98,3,29.536
428,922,2488,63,3,50.752
83,275,1527,73,7,25.545
70,24,2555,45,9,35.138999999999996
207,965,1825,61,4,39.806
18,1251,4818,88,1,80.28800000000001
37,1380,4348,38,4,75.491
295,1109,2526,4,3,51.181000000000004
354,971,3414,60,10,62.517
239,219,3564,85,4,53.443
294,1504,4634,4,7,83.759
105,1354,2541,58,5,52.818999999999996
163,413,2664,19,6,42.445
56,754,4091,15,9,64.025
228,1996,458,74,1,35.841
213,1228,547,60,2,26.65
86,1558,621,16,7,29.743999999999996
388,1982,1564,76,10,52.26
262,88,1723,100,6,28.326999999999998
26,680,1960,52,4,35.386
446,950,2225,11,4,47.267999999999994
193,1135,1201,76,3,33.903999999999996
145,377,4527,15,8,65.93599999999999
19,1915,1486,59,6,45.305
270,595,4100,17,3,64.805
326,129,3873,37,1,56.757999999999996
329,1647,1618,38,2,47.242
294,1541,2233,70,1,53.806999999999995
227,1976,1351,18,4,46.488
401,1864,1482,36,6,49.257000000000005
255,130,4345,100,5,62.855
26,3,4789,83,8,63.817
470,1825,5,94,1,31.135
128,571,4103,97,9,63.804
345,816,4568,18,8,74.815
92,99,3939,99,2,55.003
55,723,1088,51,5,24.986
201,1229,2956,92,2,58.24
58,1193,4665,4,8,77.064
340,1391,1662,10,8,44.342999999999996
462,250,522,54,10,16.874
124,520,783,46,2,19.175
110,150,511,65,1,10.881
295,1573,4327,73,7,81.57499999999999
45,1198,1258,16,1,32.733999999999995
386,403,691,97,5,20.566
246,53,2010,40,9,30.654
345,86,4488,100,8,65.351
286,1631,4921,96,1,90.15500000000002
185,1942,4972,61,6,93.158
163,95,1701,55,4,26.233999999999998
420,750,2091,64,1,43.238
266,155,2843,21,6,42.783
83,215,4864,94,4,68.38
65,813,116,8,6,13.104
443,923,163,63,2,20.721999999999998
385,1185,664,2,1,29.081000000000003
354,733,3129,52,6,55.562000000000005
36,1233,453,100,4,23.738
130,719,2826,74,10,48.867000000000004
122,1823,1339,48,5,43.38099999999999
444,1070,4840,3,4,82.693
237,466,202,97,4,13.077999999999998
487,1558,4344,78,5,84.13599999999998
2,254,667,19,4,12.297999999999998
81,1161,3429,12,10,61.009
139,1765,4065,96,8,78.949
222,1713,3586,5,6,71.916
358,244,2253,79,7,38.233
25,575,3209,54,7,50.309999999999995
345,768,2381,43,8,46.084999999999994
167,907,2091,78,10,42.289
159,1371,3569,43,1,66.85900000000001
341,612,4449,12,10,70.512
334,1721,792,72,6,38.025
194,409,2640,35,6,42.692
260,1948,4316,74,4,85.82600000000001
196,1837,427,19,5,32.292
218,1705,4193,82,6,80.652
331,946,3261,94,3,60.255
388,140,232,44,6,10.529999999999998
490,614,2441,44,9,46.773999999999994
253,1933,4663,67,8,90.012
141,317,4882,75,2,70.42099999999998
158,68,1867,36,9,27.793999999999997
475,122,1725,97,3,31.486
287,527,1652,60,2,32.864000000000004
418,736,3415,74,2,60.385
55,1110,3196,3,2,56.758
302,410,4693,92,4,71.513
412,1791,506,25,4,35.594
324,1178,1939,40,3,45.292
212,670,1169,79,9,27.807
185,1080,483,93,9,24.05
291,1063,4908,27,5,81.82199999999999
34,579,3812,83,8,58.708
315,1760,1441,91,2,46.917
1,1389,4254,3,7,73.502
187,731,2587,40,9,46.202
465,1317,4029,23,10,75.972
382,828,4064,58,5,69.381
36,1422,271,61,5,23.335
244,1819,1109,96,2,42.51
249,453,4322,15,2,65.53299999999999
294,1664,493,20,2,32.149
254,1059,3853,4,8,67.31400000000001
54,865,3537,61,9,58.837999999999994
301,709,3810,89,10,63.946999999999996
54,887,967,54,7,25.597
213,1889,1241,66,4,44.36899999999999
359,172,2149,8,10,35.074
387,709,3793,27,2,63.934
163,158,1977,5,10,30.069000000000003
445,357,3501,94,3,57.2
452,948,4699,89,4,80.496
303,1827,1190,39,9,43.78399999999999
70,274,1775,21,9,27.936999999999998
368,1831,4025,59,5,81.74399999999999
442,448,380,40,5,17.095
373,1775,4344,37,2,84.90299999999998
232,1251,1269,2,3,35.841
498,1593,4663,96,6,89.128
273,1196,1012,76,8,33.345
100,1014,2836,74,10,52.442
247,1404,1428,54,6,40.807
485,709,4858,43,6,79.31299999999999
325,1930,4216,4,1,84.188
405,458,4702,82,6,73.489
231,1727,4933,53,9,90.389
498,706,2970,80,7,55.393
226,449,1313,37,2,26.351
164,370,3935,53,10,58.916000000000004
236,1769,416,18,6,31.785
41,1254,1704,3,10,39.156
128,661,1689,83,6,33.371
366,1514,4901,1,8,88.27
382,1236,1235,20,3,37.388
196,858,2565,75,10,48.152
257,1879,4977,97,2,93.75599999999999
407,444,1741,21,9,34.086
194,246,1449,20,9,24.934
486,1096,3512,43,10,66.91099999999999
338,1816,2085,83,5,56.251
88,949,1568,24,4,34.229
305,963,4707,5,9,77.857
202,1167,3421,93,9,63.596
219,761,402,15,4,18.212999999999997
174,1355,1208,20,1,35.85399999999999
357,365,4546,79,10,69.64099999999999
499,1235,1451,66,4,42.315
204,1513,3063,62,3,62.985
363,660,1364,14,1,31.226
322,385,4227,44,3,64.753
357,911,2834,50,8,54.08
379,1368,3077,88,9,63.97299999999999
304,1570,4701,22,8,85.865
397,276,547,12,3,16.055
210,541,4191,29,10,64.75299999999999
211,1594,3010,40,6,63.193
338,28,639,61,1,13.871
103,725,1309,84,7,28.964
290,464,2283,2,6,39.585
150,473,749,68,9,18.837
199,1517,3723,86,9,71.942
75,1439,1967,49,10,46.02
20,1674,1839,52,5,46.67
40,1366,4091,81,4,72.566
241,534,823,14,5,21.021
280,969,4389,55,5,74.074
185,975,4959,49,3,80.223
410,27,4494,75,10,65.20799999999998
73,268,2483,17,3,36.971999999999994
410,748,4504,60,6,74.464
43,199,4682,17,2,64.259
95,1372,4698,71,7,81.15899999999999
481,1496,3702,88,1,74.98400000000001
101,1256,4296,84,9,74.69800000000001
170,1466,3117,24,7,62.192
22,1366,2865,91,4,56.524
66,1733,3699,95,4,72.761
299,310,2845,49,6,45.617000000000004
488,268,3086,83,10,51.155
12,1724,4801,65,4,85.878
344,427,161,94,4,13.389999999999999
234,1393,4979,44,2,86.476
470,1213,1949,64,3,48.086999999999996
476,1701,2661,6,3,63.010999999999996
406,635,2436,11,5,45.40899999999999
321,1848,21,37,7,29.041999999999998
239,562,1162,34,10,26.090999999999998
485,263,3410,12,8,54.314
152,172,2886,13,8,42.003
197,1706,4297,29,10,81.10699999999999
366,698,4819,38,5,77.038
324,1296,1551,72,1,42.172
241,8,4015,30,9,55.939
487,425,753,31,1,22.060999999999996
270,603,1550,57,3,32.279
348,420,3350,82,8,54.704
217,580,4168,40,4,65.117
44,1627,2842,1,6,58.76
75,624,3237,6,2,51.272
230,412,1597,30,8,29.601
